"covidence_id","source","paper_title","short_cite","citation","link","spec_site","site","WDPA.ID","plot_size_ha","lat","long","area","paper_month_start","paper_year_start","paper_month_end","paper_year_end","method","fruit_flower","onset","end","percent_species","percent_indiv","reproduction % basal area","other_descript","onset_date","end_date","paper_start_month","paper_end_month","paper_start_date","paper_end_date"
"4","lit review","Reproductive phenology over a 10-year period in a lowland evergreen rain forest of central Borneo","Brearley et al. 2007","BREARLEY, F.Q., PROCTOR, J., , NAGY, L., DALRYMPLE, G. and VOYSEY, B.C. (2007), Reproductive phenology over a 10-year period in a lowland evergreen rain forest of central Borneo. Journal of Ecology, 95: 828-839. https://doi.org/10.1111/j.1365-2745.2007.01258.x","https://besjournals.onlinelibrary.wiley.com/doi/full/10.1111/j.1365-2745.2007.01258.x",NA,"Barito Ulu","NA","430","-0.1","114","Central Kalimantan","March",1990,"June",2000,"binoculars","flower","September 1991","December 1991",NA,"68%",NA,NA,1991-09-01,1991-12-01,"March","June",1990-03-01,2000-06-01
"4","lit review","Reproductive phenology over a 10-year period in a lowland evergreen rain forest of central Borneo","Brearley et al. 2007","BREARLEY, F.Q., PROCTOR, J., , NAGY, L., DALRYMPLE, G. and VOYSEY, B.C. (2007), Reproductive phenology over a 10-year period in a lowland evergreen rain forest of central Borneo. Journal of Ecology, 95: 828-839. https://doi.org/10.1111/j.1365-2745.2007.01258.x","https://besjournals.onlinelibrary.wiley.com/doi/full/10.1111/j.1365-2745.2007.01258.x",NA,"Barito Ulu","NA","430","-0.1","114","Central Kalimantan","March",1990,"June",2000,"binoculars","fruit","January 1992","March 1992",NA,NA,NA,"similar to number of trees observed flowering",1992-01-01,1992-03-01,"March","June",1990-03-01,2000-06-01
"4","lit review","Reproductive phenology over a 10-year period in a lowland evergreen rain forest of central Borneo","Brearley et al. 2007","BREARLEY, F.Q., PROCTOR, J., , NAGY, L., DALRYMPLE, G. and VOYSEY, B.C. (2007), Reproductive phenology over a 10-year period in a lowland evergreen rain forest of central Borneo. Journal of Ecology, 95: 828-839. https://doi.org/10.1111/j.1365-2745.2007.01258.x","https://besjournals.onlinelibrary.wiley.com/doi/full/10.1111/j.1365-2745.2007.01258.x",NA,"Barito Ulu","NA","430","-0.1","114","Central Kalimantan","March",1990,"June",2000,"binoculars","flower","November 1994","January 1995",NA,"46%",NA,NA,1994-11-01,1995-01-01,"March","June",1990-03-01,2000-06-01
"4","lit review","Reproductive phenology over a 10-year period in a lowland evergreen rain forest of central Borneo","Brearley et al. 2007","BREARLEY, F.Q., PROCTOR, J., , NAGY, L., DALRYMPLE, G. and VOYSEY, B.C. (2007), Reproductive phenology over a 10-year period in a lowland evergreen rain forest of central Borneo. Journal of Ecology, 95: 828-839. https://doi.org/10.1111/j.1365-2745.2007.01258.x","https://besjournals.onlinelibrary.wiley.com/doi/full/10.1111/j.1365-2745.2007.01258.x",NA,"Barito Ulu","NA","430","-0.1","114","Central Kalimantan","March",1990,"June",2000,"binoculars","fruit","February 1995","April 1995",NA,NA,NA,"similar to number of trees observed flowering",1995-02-01,1995-04-01,"March","June",1990-03-01,2000-06-01
"4","lit review","Reproductive phenology over a 10-year period in a lowland evergreen rain forest of central Borneo","Brearley et al. 2007","BREARLEY, F.Q., PROCTOR, J., , NAGY, L., DALRYMPLE, G. and VOYSEY, B.C. (2007), Reproductive phenology over a 10-year period in a lowland evergreen rain forest of central Borneo. Journal of Ecology, 95: 828-839. https://doi.org/10.1111/j.1365-2745.2007.01258.x","https://besjournals.onlinelibrary.wiley.com/doi/full/10.1111/j.1365-2745.2007.01258.x",NA,"Barito Ulu","NA","430","-0.1","114","Central Kalimantan","March",1990,"June",2000,"binoculars","flower","August 1997","November 1997",NA,"65%",NA,NA,1997-08-01,1997-11-01,"March","June",1990-03-01,2000-06-01
"4","lit review","Reproductive phenology over a 10-year period in a lowland evergreen rain forest of central Borneo","Brearley et al. 2007","BREARLEY, F.Q., PROCTOR, J., , NAGY, L., DALRYMPLE, G. and VOYSEY, B.C. (2007), Reproductive phenology over a 10-year period in a lowland evergreen rain forest of central Borneo. Journal of Ecology, 95: 828-839. https://doi.org/10.1111/j.1365-2745.2007.01258.x","https://besjournals.onlinelibrary.wiley.com/doi/full/10.1111/j.1365-2745.2007.01258.x",NA,"Barito Ulu","NA","430","-0.1","114","Central Kalimantan","March",1990,"June",2000,"binoculars","fruit","December 1997","February 1998",NA,NA,NA,"similar to number of trees observed flowering",1997-12-01,1998-02-01,"March","June",1990-03-01,2000-06-01
"5","lit review","Reproduction of dipterocarps during low intensity masting events in a Bornean rain forest","Maycock et al. 2005","Maycock, C.R., Thewlis, R.N., Ghazoul, J., Nilus, R. and Burslem, D.F.R.P. (2005), Reproduction of dipterocarps during low intensity masting events in a Bornean rain forest. Journal of Vegetation Science, 16: 635-646. https://doi.org/10.1111/j.1654-1103.2005.tb02406.x","https://onlinelibrary.wiley.com/doi/abs/10.1111/j.1654-1103.2005.tb02406.x",NA,"Sepilok Forest Reserve","3406","640","5.1666667","117.933333","Sabah","July",2001,"November",2003,"seed traps and quadrats","flower","July 2001","October 2001",NA,NA,NA,"observed in 16 species of dipterocarps",2001-07-01,2001-10-01,"July","November",2001-07-01,2003-11-01
"5","lit review","Reproduction of dipterocarps during low intensity masting events in a Bornean rain forest","Maycock et al. 2005","Maycock, C.R., Thewlis, R.N., Ghazoul, J., Nilus, R. and Burslem, D.F.R.P. (2005), Reproduction of dipterocarps during low intensity masting events in a Bornean rain forest. Journal of Vegetation Science, 16: 635-646. https://doi.org/10.1111/j.1654-1103.2005.tb02406.x","https://onlinelibrary.wiley.com/doi/abs/10.1111/j.1654-1103.2005.tb02406.x",NA,"Sepilok Forest Reserve","3406","640","5.1666667","117.933333","Sabah","July",2001,"November",2003,"seed traps and quadrats","fruit","December 2001","February 2002",NA,NA,NA,NA,2001-12-01,2002-02-01,"July","November",2001-07-01,2003-11-01
"5","lit review","Reproduction of dipterocarps during low intensity masting events in a Bornean rain forest","Maycock et al. 2005","Maycock, C.R., Thewlis, R.N., Ghazoul, J., Nilus, R. and Burslem, D.F.R.P. (2005), Reproduction of dipterocarps during low intensity masting events in a Bornean rain forest. Journal of Vegetation Science, 16: 635-646. https://doi.org/10.1111/j.1654-1103.2005.tb02406.x","https://onlinelibrary.wiley.com/doi/abs/10.1111/j.1654-1103.2005.tb02406.x",NA,"Sepilok Forest Reserve","3406","640","5.1666667","117.933333","Sabah","July",2001,"November",2003,"seed traps and quadrats","flower","April 2002","July 2002",NA,NA,NA,"The 2002 flower-ing event was larger than that in 2001 and was domi-nated by the flowering of the emergent alluvial forestspecies Parashorea tomentella",2002-04-01,2002-07-01,"July","November",2001-07-01,2003-11-01
"5","lit review","Reproduction of dipterocarps during low intensity masting events in a Bornean rain forest","Maycock et al. 2005","Maycock, C.R., Thewlis, R.N., Ghazoul, J., Nilus, R. and Burslem, D.F.R.P. (2005), Reproduction of dipterocarps during low intensity masting events in a Bornean rain forest. Journal of Vegetation Science, 16: 635-646. https://doi.org/10.1111/j.1654-1103.2005.tb02406.x","https://onlinelibrary.wiley.com/doi/abs/10.1111/j.1654-1103.2005.tb02406.x",NA,"Sepilok Forest Reserve","3406","640","5.1666667","117.933333","Sabah","July",2001,"November",2003,"seed traps and quadrats","fruit","June 2002","October 2002",NA,NA,NA,"The 2002 flower-ing event was larger than that in 2001 and was domi-nated by the flowering of the emergent alluvial forestspecies Parashorea tomentella",2002-06-01,2002-10-01,"July","November",2001-07-01,2003-11-01
"10","lit review","Fallback Foods of Red Leaf Monkeys (Presbytis rubicunda) in Danum Valley, Borneo","Hanya & Bernard 2012","Hanya, G., Bernard, H. Fallback Foods of Red Leaf Monkeys (Presbytis rubicunda) in Danum Valley, Borneo. Int J Primatol 33, 322–337 (2012). https://doi.org/10.1007/s10764-012-9580-9","https://link.springer.com/article/10.1007/s10764-012-9580-9","Danum Valley Field Centre","Danum Valley","10279","43800","4.964768","117.805078","Sabah","December",2006,"December",2008,"monthly direct monitoring of sample trees","fruit","May 2007","October 2007",NA,NA,NA,NA,2007-05-01,2007-10-01,"December","December",2006-12-01,2008-12-01
"28","lit review","The influence of logging on vertebrate responses to mast fruiting","Granados, Bernard & Brodie, 2019","Granados A, Bernard H, Brodie JF. The influence of logging on vertebrate responses to mast fruiting. J Anim Ecol. 2019; 88: 892–902. https://doi.org/10.1111/1365-2656.12983","https://besjournals.onlinelibrary.wiley.com/doi/full/10.1111/1365-2656.12983","Danum Valley Conservation Area","Danum Valley","10279","43800","5.102","117.688","Sabah","May",2013,"September",2015,"fruit traps, ground collection","fruit","May 2014","September 2014",NA,NA,NA,NA,2014-05-01,2014-09-01,"May","September",2013-05-01,2015-09-01
"15","lit review","Fruit tree phenology in traditionally managed versus protected forests in Malaysian Borneo","Cosby et al. 2022","Cosby, O. G., Bodos, V., Ragai, R., Van Deelen, T. R., & McShea, W. J. (2022). Fruit tree phenology in traditionally managed versus protected forests in Malaysian Borneo. Biotropica, 54, 691–707. https://doi.org/10.1111/btp.13083","https://onlinelibrary.wiley.com/doi/10.1111/btp.13083","Nanga Segerak","Lanjak Entimau Wildlife Sanctuary","1300","168,800","1.446594374","112.0720699","Sarawak","October",2016,"January",2020,"fruit on ground, binoculars","fruit","October 2018","March 2019",NA,NA,NA,NA,2018-10-01,2019-03-01,"October","January",2016-10-01,2020-01-01
"17","lit review","Seed predation during general flowering events of varying magnitude in a Malaysian rain forest","Sun et al. 2007","SUN, I.-F., CHEN, Y.-Y., HUBBELL, S.P., WRIGHT, S.J. and NOOR, N.S.M. (2007), Seed predation during general flowering events of varying magnitude in a Malaysian rain forest. Journal of Ecology, 95: 818-827. https://doi.org/10.1111/j.1365-2745.2007.01235.x","https://besjournals.onlinelibrary.wiley.com/doi/full/10.1111/j.1365-2745.2007.01235.x",NA,"Pasoh Forest Reserve","NA","600","2.9797222","102.3080556","Peninsular Malaysia","August",2001,"June",2005,"binoculars","flower","August 2001","August 2001","75%","19.80%",NA,NA,2001-08-01,2001-08-01,"August","June",2001-08-01,2005-06-01
"17","lit review","Seed predation during general flowering events of varying magnitude in a Malaysian rain forest","Sun et al. 2007","SUN, I.-F., CHEN, Y.-Y., HUBBELL, S.P., WRIGHT, S.J. and NOOR, N.S.M. (2007), Seed predation during general flowering events of varying magnitude in a Malaysian rain forest. Journal of Ecology, 95: 818-827. https://doi.org/10.1111/j.1365-2745.2007.01235.x","https://besjournals.onlinelibrary.wiley.com/doi/full/10.1111/j.1365-2745.2007.01235.x",NA,"Pasoh Forest Reserve","NA","600","2.9797222","102.3080556","Peninsular Malaysia","August",2001,"June",2005,"binoculars","flower","April 2002","April 2002","85.70%","35.70%",NA,NA,2002-04-01,2002-04-01,"August","June",2001-08-01,2005-06-01
"17","lit review","Seed predation during general flowering events of varying magnitude in a Malaysian rain forest","Sun et al. 2007","SUN, I.-F., CHEN, Y.-Y., HUBBELL, S.P., WRIGHT, S.J. and NOOR, N.S.M. (2007), Seed predation during general flowering events of varying magnitude in a Malaysian rain forest. Journal of Ecology, 95: 818-827. https://doi.org/10.1111/j.1365-2745.2007.01235.x","https://besjournals.onlinelibrary.wiley.com/doi/full/10.1111/j.1365-2745.2007.01235.x",NA,"Pasoh Forest Reserve","NA","600","2.9797222","102.3080556","Peninsular Malaysia","August",2001,"June",2005,"binoculars","flower","April 2005","April 2005","85.20%","65.10%",NA,NA,2005-04-01,2005-04-01,"August","June",2001-08-01,2005-06-01
"18","lit review","Vertebrate responses to spatiotemporal variation in seed production of mast-fruiting dipterocarpaceae","Curran & Leighton 2000","Curran, L.M. and Leighton, M. (2000), VERTEBRATE RESPONSES TO SPATIOTEMPORAL VARIATION IN SEED PRODUCTION OF MAST-FRUITING DIPTEROCARPACEAE. Ecological Monographs, 70: 101-128. https://doi.org/10.1890/0012-9615(2000)070[0101:VRTSVI]2.0.CO;2","https://www.google.com/search?q=Vertebrate+responses+to+spatiotemporal+variation+in+seed+production+of+mast-fruiting+dipterocarpaceae&oq=Vertebrate+responses+to+spatiotemporal+variation+in+seed+production+of+mast-fruiting+dipterocarpaceae&gs_lcrp=EgZjaHJvbWUyBggAEEUYOTIGCAEQRRg80gEHMzA2ajBqNKgCALACAQ&sourceid=chrome&ie=UTF-8","Cabang Panti Research Station","Gunung Palung National Park","20378","1500","-1.2166667","110.1166667","West Kalimantan","March",1985,"January",1993,"quantifying plots, binoculars","fruit","August 1986","August 1986",NA,NA,"lowland 30.8, all habitats 20.2","minor mast, no range given",1986-08-01,1986-08-01,"March","January",1985-03-01,1993-01-01
"18","lit review","Vertebrate responses to spatiotemporal variation in seed production of mast-fruiting dipterocarpaceae","Curran & Leighton 2000","Curran, L.M. and Leighton, M. (2000), VERTEBRATE RESPONSES TO SPATIOTEMPORAL VARIATION IN SEED PRODUCTION OF MAST-FRUITING DIPTEROCARPACEAE. Ecological Monographs, 70: 101-128. https://doi.org/10.1890/0012-9615(2000)070[0101:VRTSVI]2.0.CO;2","https://www.google.com/search?q=Vertebrate+responses+to+spatiotemporal+variation+in+seed+production+of+mast-fruiting+dipterocarpaceae&oq=Vertebrate+responses+to+spatiotemporal+variation+in+seed+production+of+mast-fruiting+dipterocarpaceae&gs_lcrp=EgZjaHJvbWUyBggAEEUYOTIGCAEQRRg80gEHMzA2ajBqNKgCALACAQ&sourceid=chrome&ie=UTF-8","Cabang Panti Research Station","Gunung Palung National Park","20378","1500","-1.2166667","110.1166667","West Kalimantan","March",1985,"January",1993,"fruit fall traps","fruit","February 1987","April 1987",NA,NA,"92.8","major mast",1987-02-01,1987-04-01,"March","January",1985-03-01,1993-01-01
"18","lit review","Vertebrate responses to spatiotemporal variation in seed production of mast-fruiting dipterocarpaceae","Curran & Leighton 2000","Curran, L.M. and Leighton, M. (2000), VERTEBRATE RESPONSES TO SPATIOTEMPORAL VARIATION IN SEED PRODUCTION OF MAST-FRUITING DIPTEROCARPACEAE. Ecological Monographs, 70: 101-128. https://doi.org/10.1890/0012-9615(2000)070[0101:VRTSVI]2.0.CO;2","https://www.google.com/search?q=Vertebrate+responses+to+spatiotemporal+variation+in+seed+production+of+mast-fruiting+dipterocarpaceae&oq=Vertebrate+responses+to+spatiotemporal+variation+in+seed+production+of+mast-fruiting+dipterocarpaceae&gs_lcrp=EgZjaHJvbWUyBggAEEUYOTIGCAEQRRg80gEHMzA2ajBqNKgCALACAQ&sourceid=chrome&ie=UTF-8","Cabang Panti Research Station","Gunung Palung National Park","20378","1500","-1.2166667","110.1166667","West Kalimantan","March",1985,"January",1993,"fruit fall traps","fruit","February 1991","April 1991",NA,NA,"88","major mast",1991-02-01,1991-04-01,"March","January",1985-03-01,1993-01-01
"25","lit review","Chemical defences of fruits and mast-fruiting of dipterocarps","Numata et al. 1999","Numata, S., Kachi, N., Okuda, T., & Manokaran, N. (1999). Chemical Defences of Fruits and Mast-Fruiting of Dipterocarps. Journal of Tropical Ecology, 15(5), 695–700. http://www.jstor.org/stable/2560213","https://www.jstor.org/stable/2560213?seq=3",NA,"Pasoh Forest Reserve","NA","50","2.982","102.313","Peninsular Malaysia","August",1996,"September",1996,"Other: seed collection only for dry weight and chemical measure","fruit","August 1996","September 1996",NA,NA,NA,"""tremendous amounts of dipterocarp fruits were dispersed and synchronous germination was observed""",1996-08-01,1996-09-01,"August","September",1996-08-01,1996-09-01
"28","lit review","The influence of logging on vertebrate responses to mast fruiting","Granados, Bernard & Brodie, 2019","Granados A, Bernard H, Brodie JF. The influence of logging on vertebrate responses to mast fruiting. J Anim Ecol. 2019; 88: 892–902. https://doi.org/10.1111/1365-2656.12983","https://besjournals.onlinelibrary.wiley.com/doi/full/10.1111/1365-2656.12983","Danum Valley Conservation Area","Danum Valley","10279","43800","5.102","117.688","Sabah","May",2013,"September",2015,"fruit traps, ground collection","fruit","May 2015","September 2015",NA,NA,NA,"minor mast year",2015-05-01,2015-09-01,"May","September",2013-05-01,2015-09-01
"85","lit review","Dipterocarp seedling population dynamics in Bornean primary lowland forest during the 1997-8 El Nino-Southern Oscillation","Bebber et al. 2004","Dipterocarp seedling population dynamics in Bornean primary lowland forest during the 1997-8 El Nino-Southern Oscillation

D. P. Bebber, N. D. Brown and M. R. Speight

Journal of Tropical Ecology 2004 Vol. 20 Pages 11-19

Accession Number: WOS:000188953600002 DOI: 10.1017/S0266467404006133","https://www.cambridge.org/core/services/aop-cambridge-core/content/view/00F1D3A29775EDDFBB43C58CB72406CF/S0266467404006133a.pdf/dipterocarp-seedling-population-dynamics-in-bornean-primary-lowland-forest-during-the-1997-8-el-nino-southern-oscillation.pdf",NA,"Danum Valley","10279","43800","4.964768","117.805078","Sabah","September",1997,"March",1999,"hemispherical canopy photographs","fruit","July 1996","September 1996","""A mast fruiting of dipterocarps had occurred in the third quarter of 1996 in the Danum Valley Conservation Area""",NA,NA,NA,1996-07-01,1996-09-01,"September","March",1997-09-01,1999-03-01
"28","lit review","The influence of logging on vertebrate responses to mast fruiting","Granados, Bernard & Brodie, 2019","Granados A, Bernard H, Brodie JF. The influence of logging on vertebrate responses to mast fruiting. J Anim Ecol. 2019; 88: 892–902. https://doi.org/10.1111/1365-2656.12983","https://besjournals.onlinelibrary.wiley.com/doi/full/10.1111/1365-2656.12983","Sabah Biodiversity Experiment","Malua Forest Reserve","555705627","33500","5.167","117.564","Sabah","May",2013,"September",2015,"fruit traps, ground collection","fruit","May 2014","September 2014",NA,NA,NA,NA,2014-05-01,2014-09-01,"May","September",2013-05-01,2015-09-01
"28","lit review","The influence of logging on vertebrate responses to mast fruiting","Granados, Bernard & Brodie, 2019","Granados A, Bernard H, Brodie JF. The influence of logging on vertebrate responses to mast fruiting. J Anim Ecol. 2019; 88: 892–902. https://doi.org/10.1111/1365-2656.12983","https://besjournals.onlinelibrary.wiley.com/doi/full/10.1111/1365-2656.12983","Sabah Biodiversity Experiment","Malua Forest Reserve","555705627","33500","5.167","117.564","Sabah","May",2013,"September",2015,"fruit traps, ground collection","fruit","May 2015","September 2015",NA,NA,NA,"minor mast year",2015-05-01,2015-09-01,"May","September",2013-05-01,2015-09-01
"35","lit review","Seedling Recruitment Failure following Dipterocarp Mast Fruiting","Blundell & Peart 2004","Blundell, A. G., & Peart, D. R. (2004). Seedling Recruitment Failure following Dipterocarp Mast Fruiting. Journal of Tropical Ecology, 20(2), 229–231. http://www.jstor.org/stable/4091953","https://www.jstor.org/stable/4091953?seq=1","Cabang Panti","Gunung Palung National Park","20378","90000","-1.2166667","110.1166667","West Kalimantan","January",1995,"January",1996,"recruitment observation","flower","October 1994","December 1994",NA,NA,NA,NA,1994-10-01,1994-12-01,"January","January",1995-01-01,1996-01-01
"35","lit review","Seedling Recruitment Failure following Dipterocarp Mast Fruiting","Blundell & Peart 2004","Blundell, A. G., & Peart, D. R. (2004). Seedling Recruitment Failure following Dipterocarp Mast Fruiting. Journal of Tropical Ecology, 20(2), 229–231. http://www.jstor.org/stable/4091953","https://www.jstor.org/stable/4091953?seq=1","Cabang Panti","Gunung Palung National Park","20378","90000","-1.2166667","110.1166667","West Kalimantan","January",1995,"January",1996,"recruitment observation","fruit","January 1995","March 1995",NA,NA,NA,NA,1995-01-01,1995-03-01,"January","January",1995-01-01,1996-01-01
"40","lit review","Changes in Orangutan Caloric Intake, Energy Balance, and Ketones in Response to Fluctuating Fruit Availability","Knott 1998","Knott, C.D. Changes in Orangutan Caloric Intake, Energy Balance, and Ketones in Response to Fluctuating Fruit Availability. International Journal of Primatology 19, 1061–1079 (1998). https://doi.org/10.1023/A:1020330404983","https://link.springer.com/article/10.1023/A:1020330404983",NA,"Gunung Palung National Park","20378","2100","-1.2166667","110.1166667","West Kalimantan","September",1994,"September",1995,"visual observation of trees","fruit","September 1994","February 1995",NA,NA,NA,NA,1994-09-01,1995-02-01,"September","September",1994-09-01,1995-09-01
"74","lit review","Plant reproductive phenology over four years including an episode of general flowering in a lowland dipterocarp forest, Sarawak, Malaysia","Sakai et al. 2019","Sakai S, Momose K, Yumoto T, Nagamitsu T, Nagamasu H, Hamid AA, Nakashizuka T. Plant reproductive phenology over four years including an episode of general flowering in a lowland dipterocarp forest,Sarawak, Malaysia. Am J Bot. 1999 Oct;86(10):1414-36. PMID: 10523283.","https://pubmed.ncbi.nlm.nih.gov/10523283/","Canopy Biology Plot, waterfall trail","Lambir Hills","4056","13","4.1865","114.017","Sarawak","August",1992,"December",1996,"canopy observation system","fruit","August 1992","August 1992",NA,NA,NA,NA,1992-08-01,1992-08-01,"August","December",1992-08-01,1996-12-01
"74","lit review","Plant reproductive phenology over four years including an episode of general flowering in a lowland dipterocarp forest, Sarawak, Malaysia","Sakai et al. 2019","Sakai S, Momose K, Yumoto T, Nagamitsu T, Nagamasu H, Hamid AA, Nakashizuka T. Plant reproductive phenology over four years including an episode of general flowering in a lowland dipterocarp forest,Sarawak, Malaysia. Am J Bot. 1999 Oct;86(10):1414-36. PMID: 10523283.","https://pubmed.ncbi.nlm.nih.gov/10523283/","Canopy Biology Plot, waterfall trail","Lambir Hills","4056","13","4.1865","114.017","Sarawak","August",1992,"December",1996,"canopy observation system","flower","March 1996","July 1996","21.1","16.9",NA,NA,1996-03-01,1996-07-01,"August","December",1992-08-01,1996-12-01
"74","lit review","Plant reproductive phenology over four years including an episode of general flowering in a lowland dipterocarp forest, Sarawak, Malaysia","Sakai et al. 2019","Sakai S, Momose K, Yumoto T, Nagamitsu T, Nagamasu H, Hamid AA, Nakashizuka T. Plant reproductive phenology over four years including an episode of general flowering in a lowland dipterocarp forest,Sarawak, Malaysia. Am J Bot. 1999 Oct;86(10):1414-36. PMID: 10523283.","https://pubmed.ncbi.nlm.nih.gov/10523283/","Canopy Biology Plot, waterfall trail","Lambir Hills","4056","13","4.1865","114.017","Sarawak","August",1992,"December",1996,"canopy observation system","flower","July 1996","December 1996",NA,NA,NA,NA,1996-07-01,1996-12-01,"August","December",1992-08-01,1996-12-01
"74","lit review","Plant reproductive phenology over four years including an episode of general flowering in a lowland dipterocarp forest, Sarawak, Malaysia","Sakai et al. 2019","Sakai S, Momose K, Yumoto T, Nagamitsu T, Nagamasu H, Hamid AA, Nakashizuka T. Plant reproductive phenology over four years including an episode of general flowering in a lowland dipterocarp forest,Sarawak, Malaysia. Am J Bot. 1999 Oct;86(10):1414-36. PMID: 10523283.","https://pubmed.ncbi.nlm.nih.gov/10523283/","Canopy Biology Plot, waterfall trail","Lambir Hills","4056","13","4.1865","114.017","Sarawak","August",1992,"December",1996,"canopy observation system","fruit","December 1996","February 1997",NA,NA,NA,NA,1996-12-01,1997-02-01,"August","December",1992-08-01,1996-12-01
"78","lit review","Responses of pre-dispersal seed predators to sequential flowering of Dipterocarps in Malaysia","Hosaka et al. 2017","Hosaka, T., Yumoto, T., Chen, Y.-Y., Sun, I.-F., Wright, S.J., Numata, S. and Nur Supardi, N.M. (2017), Responses of pre-dispersal seed predators to sequential flowering of Dipterocarps in Malaysia. Biotropica, 49: 177-185. https://doi.org/10.1111/btp.12371","https://onlinelibrary.wiley.com/doi/10.1111/btp.12371",NA,"Pasoh Forest Reserve","NA","50","2.982","102.313","Peninsular Malaysia","August",2001,"September",2002,"seed traps","flower","August 2001","November 2001","75.0 percent of dipterocarp species","19.8 percent of dipterocarp individuals (≥30 cm dbh)",NA,NA,2001-08-01,2001-11-01,"August","September",2001-08-01,2002-09-01
"78","lit review","Responses of pre-dispersal seed predators to sequential flowering of Dipterocarps in Malaysia","Hosaka et al. 2017","Hosaka, T., Yumoto, T., Chen, Y.-Y., Sun, I.-F., Wright, S.J., Numata, S. and Nur Supardi, N.M. (2017), Responses of pre-dispersal seed predators to sequential flowering of Dipterocarps in Malaysia. Biotropica, 49: 177-185. https://doi.org/10.1111/btp.12371","https://onlinelibrary.wiley.com/doi/10.1111/btp.12371",NA,"Pasoh Forest Reserve","NA","50","2.982","102.313","Peninsular Malaysia","August",2001,"September",2002,"seed traps","fruit","December 2001","February 2002",NA,NA,NA,NA,2001-12-01,2002-02-01,"August","September",2001-08-01,2002-09-01
"78","lit review","Responses of pre-dispersal seed predators to sequential flowering of Dipterocarps in Malaysia","Hosaka et al. 2017","Hosaka, T., Yumoto, T., Chen, Y.-Y., Sun, I.-F., Wright, S.J., Numata, S. and Nur Supardi, N.M. (2017), Responses of pre-dispersal seed predators to sequential flowering of Dipterocarps in Malaysia. Biotropica, 49: 177-185. https://doi.org/10.1111/btp.12371","https://onlinelibrary.wiley.com/doi/10.1111/btp.12371",NA,"Pasoh Forest Reserve","NA","50","2.982","102.313","Peninsular Malaysia","August",2001,"September",2002,"seed traps","flower","March 2002","June 2002","85.7 percent of dipterocarp species","35.7 percent of dipterocarp individuals (≥30 cm dbh)",NA,NA,2002-03-01,2002-06-01,"August","September",2001-08-01,2002-09-01
"78","lit review","Responses of pre-dispersal seed predators to sequential flowering of Dipterocarps in Malaysia","Hosaka et al. 2017","Hosaka, T., Yumoto, T., Chen, Y.-Y., Sun, I.-F., Wright, S.J., Numata, S. and Nur Supardi, N.M. (2017), Responses of pre-dispersal seed predators to sequential flowering of Dipterocarps in Malaysia. Biotropica, 49: 177-185. https://doi.org/10.1111/btp.12371","https://onlinelibrary.wiley.com/doi/10.1111/btp.12371",NA,"Pasoh Forest Reserve","NA","50","2.982","102.313","Peninsular Malaysia","August",2001,"September",2002,"seed traps","fruit","July 2002","September 2002",NA,NA,NA,NA,2002-07-01,2002-09-01,"August","September",2001-08-01,2002-09-01
"310","lit review","Seasonally Consistent Small Home Range and Long Ranging Distance in Presbytis rubicunda in Danum Valley, Borneo","Hanya & Bernard 2016","Hanya, G., Bernard, H. Seasonally Consistent Small Home Range and Long Ranging Distance in Presbytis rubicunda in Danum Valley, Borneo. Int J Primatol 37, 390–404 (2016). https://doi.org/10.1007/s10764-016-9907-z","https://link.springer.com/article/10.1007/s10764-016-9907-z#citeas","Danum Valley Field Centre","Danum Valley","10279","43800","4.964768","117.805078","Sabah","December",2006,"December",2008,"monthly direct monitoring of sample trees","fruit","May 2007","October 2007",NA,NA,NA,NA,2007-05-01,2007-10-01,"December","December",2006-12-01,2008-12-01
"88","lit review","Sun bears use 14-year-old previously logged forest more than primary forest in Sabah, Malaysia","Hwang et al. 2021","Hwang, M.-H., M. A. Ditmer, S.-D. Teo, S. T. Wong, and D. L. Garshelis. 2021. Sun bears use 14-year-old previously logged forest more than primary forest in Sabah, Malaysia. Ecosphere 12(10):e03769. 10.1002/ecs2.3769","https://esajournals.onlinelibrary.wiley.com/doi/10.1002/ecs2.3769",NA,"Ulu Segama Forest Reserve","555705678","2202800","4.9611111","117.8","Sabah","May",2006,"January",2007,"NA","fruit","May 2005","August 2005",NA,NA,NA,NA,2005-05-01,2005-08-01,"May","January",2006-05-01,2007-01-01
"93","lit review","Reproduction in the short-nosed fruit bat in relation to environmental factors","Bumrungsri, Bumrungsri & Racey, 2007","Bumrungsri, S., Bumrungsri, W. and Racey, P.A. (2007), Reproduction in the short-nosed fruit bat in relation to environmental factors. Journal of Zoology, 272: 73-81. https://doi.org/10.1111/j.1469-7998.2006.00245.x","https://zslpublications.onlinelibrary.wiley.com/doi/full/10.1111/j.1469-7998.2006.00245.x",NA,"Khao Ang Runai Wildlife Sanctuary","1425","108454","13.416152","101.878006","Southern Thailand","March",1998,"April",2000,"binocular observation","fruit","March 1999","September 1999",NA,NA,NA,NA,1999-03-01,1999-09-01,"March","April",1998-03-01,2000-04-01
"106","lit review","Impact of El Nino and logging on canopy tree recruitment in Borneo","Curran et al. 1999","Impact of El Niño and Logging on Canopy Tree Recruitment in Borneo

L. M. Curran, I. Caniago, G. D. Paoli, D. Astianti, M. Kusneti, M. Leighton, et al.

Science 1999 Vol. 286 Issue 5447 Pages 2184-2188

DOI: 10.1126/science.286.5447.2184

https://doi.org/10.1126/science.286.5447.2184","https://www.science.org/doi/10.1126/science.286.5447.2184",NA,"Gunung Palung National Park","20378",NA,"-1.2166667","110.1166667","West Kalimantan","January",1986,"December",1999,"collecting from ground","fruit","January 1987","April 1987",NA,NA,NA,NA,1987-01-01,1987-04-01,"January","December",1986-01-01,1999-12-01
"106","lit review","Impact of El Nino and logging on canopy tree recruitment in Borneo","Curran et al. 1999","Impact of El Niño and Logging on Canopy Tree Recruitment in Borneo

L. M. Curran, I. Caniago, G. D. Paoli, D. Astianti, M. Kusneti, M. Leighton, et al.

Science 1999 Vol. 286 Issue 5447 Pages 2184-2188

DOI: 10.1126/science.286.5447.2184

https://doi.org/10.1126/science.286.5447.2184","https://www.science.org/doi/10.1126/science.286.5447.2184",NA,"Gunung Palung National Park","20378",NA,"-1.2166667","110.1166667","West Kalimantan","January",1986,"December",1999,"collecting from ground","fruit","January 1991","April 1991",NA,NA,NA,NA,1991-01-01,1991-04-01,"January","December",1986-01-01,1999-12-01
"106","lit review","Impact of El Nino and logging on canopy tree recruitment in Borneo","Curran et al. 1999","Impact of El Niño and Logging on Canopy Tree Recruitment in Borneo

L. M. Curran, I. Caniago, G. D. Paoli, D. Astianti, M. Kusneti, M. Leighton, et al.

Science 1999 Vol. 286 Issue 5447 Pages 2184-2188

DOI: 10.1126/science.286.5447.2184

https://doi.org/10.1126/science.286.5447.2184","https://www.science.org/doi/10.1126/science.286.5447.2184",NA,"Gunung Palung National Park","20378",NA,"-1.2166667","110.1166667","West Kalimantan","January",1986,"December",1999,"collecting from ground","fruit","December 1994","March 1995","106",NA,NA,NA,1994-12-01,1995-03-01,"January","December",1986-01-01,1999-12-01
"106","lit review","Impact of El Nino and logging on canopy tree recruitment in Borneo","Curran et al. 1999","Impact of El Niño and Logging on Canopy Tree Recruitment in Borneo

L. M. Curran, I. Caniago, G. D. Paoli, D. Astianti, M. Kusneti, M. Leighton, et al.

Science 1999 Vol. 286 Issue 5447 Pages 2184-2188

DOI: 10.1126/science.286.5447.2184

https://doi.org/10.1126/science.286.5447.2184","https://www.science.org/doi/10.1126/science.286.5447.2184",NA,"Gunung Palung National Park","20378",NA,"-1.2166667","110.1166667","West Kalimantan","January",1986,"December",1999,"collecting from ground","fruit","December 1997","March 1998",NA,NA,NA,NA,1997-12-01,1998-03-01,"January","December",1986-01-01,1999-12-01
"108","lit review","Resource use of insect seed predators during general flowering and seeding events in a Bornean dipterocarp rain forest","Nakagawa et al. 2000","Nakagawa M, Itioka T, Momose K, Yumoto T, Komai F, Morimoto K, Jordal BH, Kato M, Kaliang H, Hamid AA, Inoue T, Nakashizuka T. Resource use of insect seed predators during general flowering and seeding events in a Bornean dipterocarp rain forest. Bull Entomol Res. 2003 Oct;93(5):455-66. doi: 10.1079/ber2003257. PMID: 14658448.","https://www.cambridge.org/core/journals/bulletin-of-entomological-research/article/resource-use-of-insect-seed-predators-during-general-flowering-and-seeding-events-in-a-bornean-dipterocarp-rain-forest/65AF9CD6181E434A8A0A94975ED70714","Canopy Biology Plot","Lambir Hills","4056","8","4.2088","114.011985","Sarawak","June",1996,"October",1998,"seed traps","flower","March 1996","March 1996",NA,NA,NA,NA,1996-03-01,1996-03-01,"June","October",1996-06-01,1998-10-01
"108","lit review","Resource use of insect seed predators during general flowering and seeding events in a Bornean dipterocarp rain forest","Nakagawa et al. 2000","Nakagawa M, Itioka T, Momose K, Yumoto T, Komai F, Morimoto K, Jordal BH, Kato M, Kaliang H, Hamid AA, Inoue T, Nakashizuka T. Resource use of insect seed predators during general flowering and seeding events in a Bornean dipterocarp rain forest. Bull Entomol Res. 2003 Oct;93(5):455-66. doi: 10.1079/ber2003257. PMID: 14658448.","https://www.cambridge.org/core/journals/bulletin-of-entomological-research/article/resource-use-of-insect-seed-predators-during-general-flowering-and-seeding-events-in-a-bornean-dipterocarp-rain-forest/65AF9CD6181E434A8A0A94975ED70714","Canopy Biology Plot","Lambir Hills","4056","8","4.2088","114.011985","Sarawak","June",1996,"October",1998,"seed traps","fruit","July 1996","July 1996",NA,NA,NA,"only peak reported",1996-07-01,1996-07-01,"June","October",1996-06-01,1998-10-01
"108","lit review","Resource use of insect seed predators during general flowering and seeding events in a Bornean dipterocarp rain forest","Nakagawa et al. 2000","Nakagawa M, Itioka T, Momose K, Yumoto T, Komai F, Morimoto K, Jordal BH, Kato M, Kaliang H, Hamid AA, Inoue T, Nakashizuka T. Resource use of insect seed predators during general flowering and seeding events in a Bornean dipterocarp rain forest. Bull Entomol Res. 2003 Oct;93(5):455-66. doi: 10.1079/ber2003257. PMID: 14658448.","https://www.cambridge.org/core/journals/bulletin-of-entomological-research/article/resource-use-of-insect-seed-predators-during-general-flowering-and-seeding-events-in-a-bornean-dipterocarp-rain-forest/65AF9CD6181E434A8A0A94975ED70714","Canopy Biology Plot","Lambir Hills","4056","8","4.2088","114.011985","Sarawak","June",1996,"October",1998,"seed traps","flower","February 1998","February 1998",NA,NA,NA,NA,1998-02-01,1998-02-01,"June","October",1996-06-01,1998-10-01
"108","lit review","Resource use of insect seed predators during general flowering and seeding events in a Bornean dipterocarp rain forest","Nakagawa et al. 2000","Nakagawa M, Itioka T, Momose K, Yumoto T, Komai F, Morimoto K, Jordal BH, Kato M, Kaliang H, Hamid AA, Inoue T, Nakashizuka T. Resource use of insect seed predators during general flowering and seeding events in a Bornean dipterocarp rain forest. Bull Entomol Res. 2003 Oct;93(5):455-66. doi: 10.1079/ber2003257. PMID: 14658448.","https://www.cambridge.org/core/journals/bulletin-of-entomological-research/article/resource-use-of-insect-seed-predators-during-general-flowering-and-seeding-events-in-a-bornean-dipterocarp-rain-forest/65AF9CD6181E434A8A0A94975ED70714","Canopy Biology Plot","Lambir Hills","4056","8","4.2088","114.011985","Sarawak","June",1996,"October",1998,"seed traps","fruit","July 1998","July 1998",NA,NA,NA,"only peak reported",1998-07-01,1998-07-01,"June","October",1996-06-01,1998-10-01
"124","lit review","Various population fluctuation patterns of light-attracted beetles in atropical lowland dipterocarp forest in Sarawak","Kato et al. 2000","Kato, M., Itioka, T., Sakai, S. et al. Various population fluctuation patterns of light-attracted beetles in a tropical lowland dipterocarp forest in Sarawak. Popul Ecol 42, 97–104 (2000). https://doi.org/10.1007/s101440050014","https://link.springer.com/article/10.1007/s101440050014#citeas","Canopy Biology Plot","Lambir Hills","4056","13","4.1865","114.017","Sarawak","August",1992,"September",1998,"canopy observation system","flower","March 1992","May 1992",NA,NA,NA,NA,1992-03-01,1992-05-01,"August","September",1992-08-01,1998-09-01
"124","lit review","Various population fluctuation patterns of light-attracted beetles in atropical lowland dipterocarp forest in Sarawak","Kato et al. 2000","Kato, M., Itioka, T., Sakai, S. et al. Various population fluctuation patterns of light-attracted beetles in a tropical lowland dipterocarp forest in Sarawak. Popul Ecol 42, 97–104 (2000). https://doi.org/10.1007/s101440050014","https://link.springer.com/article/10.1007/s101440050014#citeas","Canopy Biology Plot","Lambir Hills","4056","13","4.1865","114.017","Sarawak","August",1992,"September",1998,"canopy observation system","flower","March 1996","September 1996",NA,"29.7",NA,NA,1996-03-01,1996-09-01,"August","September",1992-08-01,1998-09-01
"124","lit review","Various population fluctuation patterns of light-attracted beetles in atropical lowland dipterocarp forest in Sarawak","Kato et al. 2000","Kato, M., Itioka, T., Sakai, S. et al. Various population fluctuation patterns of light-attracted beetles in a tropical lowland dipterocarp forest in Sarawak. Popul Ecol 42, 97–104 (2000). https://doi.org/10.1007/s101440050014","https://link.springer.com/article/10.1007/s101440050014#citeas","Canopy Biology Plot","Lambir Hills","4056","13","4.1865","114.017","Sarawak","August",1992,"September",1998,"canopy observation system","flower","March 1997","May 1997",NA,"19.5",NA,NA,1997-03-01,1997-05-01,"August","September",1992-08-01,1998-09-01
"124","lit review","Various population fluctuation patterns of light-attracted beetles in atropical lowland dipterocarp forest in Sarawak","Kato et al. 2000","Kato, M., Itioka, T., Sakai, S. et al. Various population fluctuation patterns of light-attracted beetles in a tropical lowland dipterocarp forest in Sarawak. Popul Ecol 42, 97–104 (2000). https://doi.org/10.1007/s101440050014","https://link.springer.com/article/10.1007/s101440050014#citeas","Canopy Biology Plot","Lambir Hills","4056","13","4.1865","114.017","Sarawak","August",1992,"September",1998,"canopy observation system","flower","March 1998","June 1998",NA,"21.1",NA,NA,1998-03-01,1998-06-01,"August","September",1992-08-01,1998-09-01
"130","lit review","Utility of commercial high-resolution satellite imagery for monitoring general flowering in Sarawak, Borneo","Miura et al. 2023","Miura, T., Tokumoto, Y., Shin, N., Shimizu, K. K., Pungga, R. A. S., & Ichie, T. (2023). Utility of commercial high-resolution satellite imagery for monitoring general flowering in Sarawak, Borneo. Ecological Research, 38(3), 386-402. https://doi.org/10.1111/1440-1703.12382","https://esj-journals.onlinelibrary.wiley.com/doi/10.1111/1440-1703.12382",NA,"Lambir Hills","4056","6900","4.1865","114.017","Sarawak","January",2019,"August",2019,"seed trap; canopy cam; Satellite imagery","flower","March 2019","July 2019",NA,NA,NA,NA,2019-03-01,2019-07-01,"January","August",2019-01-01,2019-08-01
"138","lit review","Long-term reproductive behaviour of woody plants across seven Bornean forest types in the Gunung Palung National Park (Indonesia): suprannual synchrony, temporal productivity and fruiting diversity","Cannon et al. 2007","Cannon, C.H., Curran, L.M., Marshall, A.J. and Leighton, M. (2007), Long-term reproductive behaviour of woody plants across seven Bornean forest types in the Gunung Palung National Park (Indonesia): suprannual synchrony, temporal productivity and fruiting diversity. Ecology Letters, 10: 956-969. https://doi.org/10.1111/j.1461-0248.2007.01089.x","https://onlinelibrary.wiley.com/doi/full/10.1111/j.1461-0248.2007.01089.x",NA,"Gunung Palung National Park","20378","1500","-1.2166667","110.1166667","West Kalimantan","February",1986,"September",1991,"binoculars and ground observation","fruit","February 1987","March 1987",NA,NA,NA,NA,1987-02-01,1987-03-01,"February","September",1986-02-01,1991-09-01
"138","lit review","Long-term reproductive behaviour of woody plants across seven Bornean forest types in the Gunung Palung National Park (Indonesia): suprannual synchrony, temporal productivity and fruiting diversity","Cannon et al. 2007","Cannon, C.H., Curran, L.M., Marshall, A.J. and Leighton, M. (2007), Long-term reproductive behaviour of woody plants across seven Bornean forest types in the Gunung Palung National Park (Indonesia): suprannual synchrony, temporal productivity and fruiting diversity. Ecology Letters, 10: 956-969. https://doi.org/10.1111/j.1461-0248.2007.01089.x","https://onlinelibrary.wiley.com/doi/full/10.1111/j.1461-0248.2007.01089.x",NA,"Gunung Palung National Park","20378","1500","-1.2166667","110.1166667","West Kalimantan","February",1986,"September",1991,"binoculars and ground observation","fruit","January 1991","March 1991",NA,NA,NA,NA,1991-01-01,1991-03-01,"February","September",1986-02-01,1991-09-01
"164","lit review","Fruiting behavior of dipterocarps in two consecutive episodes of general flowering in a Malaysian lowland rain forest","Numata et al. 2012","Numata, S., Suzuki, R.O., Nishimura, S. et al. Fruiting behavior of dipterocarps in two consecutive episodes of general flowering in a Malaysian lowland rain forest. J For Res 17, 378–387 (2012). https://doi.org/10.1007/s10310-011-0308-z","https://link.springer.com/article/10.1007/s10310-011-0308-z#citeas",NA,"Pasoh Forest Reserve","NA","50","2.982","102.313","Peninsular Malaysia","August",2001,"February",2002,"binoculars","flower","August 2001","December 2001",NA,NA,NA,NA,2001-08-01,2001-12-01,"August","February",2001-08-01,2002-02-01
"164","lit review","Fruiting behavior of dipterocarps in two consecutive episodes of general flowering in a Malaysian lowland rain forest","Numata et al. 2012","Numata, S., Suzuki, R.O., Nishimura, S. et al. Fruiting behavior of dipterocarps in two consecutive episodes of general flowering in a Malaysian lowland rain forest. J For Res 17, 378–387 (2012). https://doi.org/10.1007/s10310-011-0308-z","https://link.springer.com/article/10.1007/s10310-011-0308-z#citeas",NA,"Pasoh Forest Reserve","NA","50","2.982","102.313","Peninsular Malaysia","August",2001,"February",2002,"binoculars","fruit","January 2002","February 2002",NA,"79",NA,NA,2002-01-01,2002-02-01,"August","February",2001-08-01,2002-02-01
"164","lit review","Fruiting behavior of dipterocarps in two consecutive episodes of general flowering in a Malaysian lowland rain forest","Numata et al. 2012","Numata, S., Suzuki, R.O., Nishimura, S. et al. Fruiting behavior of dipterocarps in two consecutive episodes of general flowering in a Malaysian lowland rain forest. J For Res 17, 378–387 (2012). https://doi.org/10.1007/s10310-011-0308-z","https://link.springer.com/article/10.1007/s10310-011-0308-z#citeas",NA,"Pasoh Forest Reserve","NA","50","2.982","102.313","Peninsular Malaysia","August",2001,"February",2002,"binoculars","flower","March 2002","July 2002",NA,NA,NA,NA,2002-03-01,2002-07-01,"August","February",2001-08-01,2002-02-01
"164","lit review","Fruiting behavior of dipterocarps in two consecutive episodes of general flowering in a Malaysian lowland rain forest","Numata et al. 2012","Numata, S., Suzuki, R.O., Nishimura, S. et al. Fruiting behavior of dipterocarps in two consecutive episodes of general flowering in a Malaysian lowland rain forest. J For Res 17, 378–387 (2012). https://doi.org/10.1007/s10310-011-0308-z","https://link.springer.com/article/10.1007/s10310-011-0308-z#citeas",NA,"Pasoh Forest Reserve","NA","50","2.982","102.313","Peninsular Malaysia","August",2001,"February",2002,"binoculars","fruit","August 2002","September 2002",NA,"88",NA,NA,2002-08-01,2002-09-01,"August","February",2001-08-01,2002-02-01
"170","lit review","Canopy crane survey of the hemipteran assemblage structure in a Bornean forest","Kishimoto-Yamada et al. 2015","Canopy crane survey of the hemipteran assemblage structure in a Bornean forest

K. Kishimoto-Yamada, T. Ishikawa, M. U. Saito, P. Meleng, H. O. Tanaka and T. Itioka

Raffles Bulletin of Zoology 2015 Vol. 63 Pages 471-483","https://lkcnhm.nus.edu.sg/wp-content/uploads/sites/11/app/uploads/2017/06/63rbz471-483.pdf","Crane Plot","Lambir Hills","4056","6900","4.1865","114.017","Sarawak","April",2009,"November",2009,"canopy crane","flower","April 2009","July 2009",NA,NA,NA,NA,2009-04-01,2009-07-01,"April","November",2009-04-01,2009-11-01
"170","lit review","Canopy crane survey of the hemipteran assemblage structure in a Bornean forest","Kishimoto-Yamada et al. 2015","Canopy crane survey of the hemipteran assemblage structure in a Bornean forest

K. Kishimoto-Yamada, T. Ishikawa, M. U. Saito, P. Meleng, H. O. Tanaka and T. Itioka

Raffles Bulletin of Zoology 2015 Vol. 63 Pages 471-483","https://lkcnhm.nus.edu.sg/wp-content/uploads/sites/11/app/uploads/2017/06/63rbz471-483.pdf","Crane Plot","Lambir Hills","4056","6900","4.1865","114.017","Sarawak","April",2009,"November",2009,"canopy crane","fruit","September 2009","November 2009",NA,NA,NA,NA,2009-09-01,2009-11-01,"April","November",2009-04-01,2009-11-01
"357","lit review","Bornean tropical forests recovering from logging at risk of regeneration failure","Bartholomew et al. 2024","Bartholomew, D. C., Hayward, R., Burslem, D. F. R. P., Bittencourt, P. R. L., Chapman, D., Bin Suis, M. A. F., Nilus, R., O’Brien, M. J., Reynolds, G., Rowland, L., Banin, L. F., & Dent, D. (2024). Bornean tropical forests recovering from logging at risk of regeneration failure. Global Change Biology, 30, e17209. https://doi.org/10.1111/gcb.17209","https://onlinelibrary.wiley.com/doi/10.1111/gcb.17209",NA,"Danum Valley","10279","43800","4.964768","117.805078","Sabah","September",2019,"March",2021,"NA","fruit","July 2019","August 2019",NA,NA,NA,NA,2019-07-01,2019-08-01,"September","March",2019-09-01,2021-03-01
"399","lit review","Fluctuations of population density in Bornean orangutans (Pongo pygmaeus morio) related to fruit availability in the Danum Valley, Sabah, Malaysia: a 10-year record including two mast fruitings and three other peak fruitings","Kanamori et al. 2017","Kanamori, T., Kuze, N., Bernard, H. et al. Fluctuations of population density in Bornean orangutans (Pongo pygmaeus morio) related to fruit availability in the Danum Valley, Sabah, Malaysia: a 10-year record including two mast fruitings and three other peak fruitings. Primates 58, 225–235 (2017). https://doi.org/10.1007/s10329-016-0584-5","https://link.springer.com/article/10.1007/s10329-016-0584-5","Borneo Rainforest Lodge","Danum Valley","10279","200","5.0213889","117.7472222","Sabah","January",2005,"December",2014,"line transects","fruit","July 2005","August 2005",NA,NA,NA,NA,2005-07-01,2005-08-01,"January","December",2005-01-01,2014-12-01
"196","lit review","Relationships between physical and chemical characteristics of dipterocarp seeds","Nakagawa & Nakashizuka 2004","Nakagawa, M. & Nakashizuka, T. (2004). Relationships between physical and chemical characteristics of dipterocarp seeds. Seed Science Research, 14, 363-369.","https://www.researchgate.net/publication/231925055_Relationships_between_physical_and_chemical_characteristics_of_dipterocarp_seeds",NA,"Lambir Hills","4056","13","4.1865","114.017","Sarawak","January",1992,"March",2002,"canopy observation system","flower","August 2001","March 2002",NA,"26.2",NA,NA,2001-08-01,2002-03-01,"January","March",1992-01-01,2002-03-01
"214","lit review","Seed production and survival of four dipterocarp species in degraded forests in Singapore","Chong et al. 2016","Chong, K. Y., Chong, R., Tan, L. W. A., Yee, A. T. K., Chua, M. A. H., Wong, K. M., & Tan, H. T. W. (2016). Seed production and survival of four dipterocarp species in degraded forests in Singapore. Plant Ecology & Diversity, 9(5–6), 483–490. https://doi.org/10.1080/17550874.2016.1266404","https://www.tandfonline.com/doi/full/10.1080/17550874.2016.1266404",NA,"Central Catchment Nature Reserve (MacRitchie)","313505","118","1.3333333","103.8166667","Singapore","May",2014,"September",2014,"seed trap","fruit","July 2014","September 2014",NA,NA,NA,NA,2014-07-01,2014-09-01,"May","September",2014-05-01,2014-09-01
"215","lit review","Ecological significance of the patches dominated by pioneer trees for the regeneration of dipterocarps in a Bornean logged-over secondary forest","Aoyagi, Imai & Kitayama 2013","Aoyagi, R., Imai, N. & Kitayama, K. (2013). Ecological significance of the patches dominated by pioneer trees for the regeneration of dipterocarps in a Bornean logged-over secondary forest. Forest Ecology and Management, 289, 378-384.","https://www.sciencedirect.com/science/article/pii/S0378112712006342",NA,"Tangkulap Forest Reserve","NA","4","5.2416667","117.1933333","Sabah","January",2009,"December",2011,"ground collection","fruit","February 2010","April 2010",NA,NA,NA,NA,2010-02-01,2010-04-01,"January","December",2009-01-01,2011-12-01
"271","lit review","Increased seed predation in the second fruiting event during an exceptionally long period of community-level masting in Borneo","Iku et al. 2017","Iku, A., Itioka, T., Kishimoto-Yamada, K. et al. Increased seed predation in the second fruiting event during an exceptionally long period of community-level masting in Borneo. Ecol Res 32, 537–545 (2017). https://doi.org/10.1007/s11284-017-1465-0","https://link.springer.com/article/10.1007/s11284-017-1465-0",NA,"Lambir Hills","4056","6900","4.1865","114.017","Sarawak","January",2013,"November",2014,"direct observation of trees","flower","June 2013","July 2013",NA,NA,NA,NA,2013-06-01,2013-07-01,"January","November",2013-01-01,2014-11-01
"271","lit review","Increased seed predation in the second fruiting event during an exceptionally long period of community-level masting in Borneo","Iku et al. 2017","Iku, A., Itioka, T., Kishimoto-Yamada, K. et al. Increased seed predation in the second fruiting event during an exceptionally long period of community-level masting in Borneo. Ecol Res 32, 537–545 (2017). https://doi.org/10.1007/s11284-017-1465-0","https://link.springer.com/article/10.1007/s11284-017-1465-0",NA,"Lambir Hills","4056","6900","4.1865","114.017","Sarawak","January",2013,"November",2014,"direct observation of trees","fruit","September 2013","October 2014",NA,NA,NA,NA,2013-09-01,2014-10-01,"January","November",2013-01-01,2014-11-01
"288","lit review","The ecology of conifer persistence in tropical rainforests: Podocarpus neriifolius in northern Thailand","Enright et al. 2022","Enright, N.J., Marod, D., Bennett, I. et al. The ecology of conifer persistence in tropical rainforests: Podocarpus neriifolius in northern Thailand. Plant Ecol 223, 297–314 (2022). https://doi.org/10.1007/s11258-021-01208-3","https://link.springer.com/article/10.1007/s11258-021-01208-3","Huai Kog Ma Watershed","Doi Suthep-Pui National Park","NA","16","18.8166667","98.9","Chiang Mai, Thailand","June",2015,"February",2019,"field observations, ground observation","fruit","June 2018","August 2018",NA,NA,NA,NA,2018-06-01,2018-08-01,"June","February",2015-06-01,2019-02-01
"399","lit review","Fluctuations of population density in Bornean orangutans (Pongo pygmaeus morio) related to fruit availability in the Danum Valley, Sabah, Malaysia: a 10-year record including two mast fruitings and three other peak fruitings","Kanamori et al. 2017","Kanamori, T., Kuze, N., Bernard, H. et al. Fluctuations of population density in Bornean orangutans (Pongo pygmaeus morio) related to fruit availability in the Danum Valley, Sabah, Malaysia: a 10-year record including two mast fruitings and three other peak fruitings. Primates 58, 225–235 (2017). https://doi.org/10.1007/s10329-016-0584-5","https://link.springer.com/article/10.1007/s10329-016-0584-5","Borneo Rainforest Lodge","Danum Valley","10279","200","5.0213889","117.7472222","Sabah","January",2005,"December",2014,"line transects","fruit","June 2010","September 2010",NA,NA,NA,NA,2010-06-01,2010-09-01,"January","December",2005-01-01,2014-12-01
"313","lit review","Dietary diversity, feeding selectivity, and responses to fruit scarcity of two sympatric Bornean primates (Hylobates albibarbis and Presbytis rubicunda rubida)","Clink et al. 2017","Clink DJ, Dillis C, Feilen KL, Beaudrot L, Marshall AJ. Dietary diversity, feeding selectivity, and responses to fruit scarcity of two sympatric Bornean primates (Hylobates albibarbis and Presbytis rubicunda rubida). PLoS One. 2017 Mar 9;12(3):e0173369. doi: 10.1371/journal.pone.0173369. PMID: 28278215; PMCID: PMC5344392.","https://pmc.ncbi.nlm.nih.gov/articles/PMC5344392/","Cabang Panti Research Station (CPRS)","Gunung Palung National Park","20378","5","-1.2166667","110.1166667","West Kalimantan","September",2007,"February",2013,"binoculars","fruit","December 2009","February 2010",NA,NA,NA,NA,2009-12-01,2010-02-01,"September","February",2007-09-01,2013-02-01
"6","lit review","Density-dependent reproductive success among sympatric dipterocarps during a major mast fruiting event","Aoyagi et al. 2023","Aoyagi, R., Imai, N., Samejima, H., & Kitayama, K. (2023). Density-dependent reproductive success among sympatric dipterocarps during a major mast fruiting event. Biotropica, 55, 742–754. https://doi.org/10.1111/btp.13225","https://onlinelibrary.wiley.com/doi/10.1111/btp.13225",NA,"Deramakot Forest Reserve","NA","2","5.2416667","117.1933333","Sabah","May",2010,"October",2010,"seed traps","flower","April 2010","July 2010",NA,NA,NA,NA,2010-04-01,2010-07-01,"May","October",2010-05-01,2010-10-01
"357","lit review","Bornean tropical forests recovering from logging at risk of regeneration failure","Bartholomew et al. 2024","Bartholomew, D. C., Hayward, R., Burslem, D. F. R. P., Bittencourt, P. R. L., Chapman, D., Bin Suis, M. A. F., Nilus, R., O’Brien, M. J., Reynolds, G., Rowland, L., Banin, L. F., & Dent, D. (2024). Bornean tropical forests recovering from logging at risk of regeneration failure. Global Change Biology, 30, e17209. https://doi.org/10.1111/gcb.17209","https://onlinelibrary.wiley.com/doi/10.1111/gcb.17209",NA,"Ulu Segama Forest Reserve","555705678","126800","4.9611111","117.8","Sabah","September",2019,"March",2021,"MA","fruit","July 2019","August 2019",NA,NA,NA,NA,2019-07-01,2019-08-01,"September","March",2019-09-01,2021-03-01
"359","lit review","Abundance of insect seed predators and intensity of seed predation on Shorea (Dipterocarpaceae) in two consecutive masting events in Peninsular Malaysia","Hosaka et al. 2011","Hosaka T, Yumoto T, Chen Y-Y, Sun I-F, Wright SJ, Md. Noor NS. Abundance of insect seed predators and intensity of seed predation on Shorea (Dipterocarpaceae) in two consecutive masting events in Peninsular Malaysia. Journal of Tropical Ecology. 2011;27(6):651-655. doi:10.1017/S0266467411000393","https://www.cambridge.org/core/journals/journal-of-tropical-ecology/article/abundance-of-insect-seed-predators-and-intensity-of-seed-predation-on-shorea-dipterocarpaceae-in-two-consecutive-masting-events-in-peninsular-malaysia/A70318BB455A9E73171FE815539DB7D9",NA,"Pasoh Forest Reserve","NA","50","2.982","102.313","Peninsular Malaysia","August",2001,"September",2002,"seed traps","fruit","November 2001","February 2002",NA,NA,NA,NA,2001-11-01,2002-02-01,"August","September",2001-08-01,2002-09-01
"359","lit review","Abundance of insect seed predators and intensity of seed predation on Shorea (Dipterocarpaceae) in two consecutive masting events in Peninsular Malaysia","Hosaka et al. 2011","Hosaka T, Yumoto T, Chen Y-Y, Sun I-F, Wright SJ, Md. Noor NS. Abundance of insect seed predators and intensity of seed predation on Shorea (Dipterocarpaceae) in two consecutive masting events in Peninsular Malaysia. Journal of Tropical Ecology. 2011;27(6):651-655. doi:10.1017/S0266467411000393","https://www.cambridge.org/core/journals/journal-of-tropical-ecology/article/abundance-of-insect-seed-predators-and-intensity-of-seed-predation-on-shorea-dipterocarpaceae-in-two-consecutive-masting-events-in-peninsular-malaysia/A70318BB455A9E73171FE815539DB7D9",NA,"Pasoh Forest Reserve","NA","50","2.982","102.313","Peninsular Malaysia","August",2001,"September",2002,"seed traps","fruit","April 2002","September 2002",NA,NA,NA,NA,2002-04-01,2002-09-01,"August","September",2001-08-01,2002-09-01
"359","lit review","Abundance of insect seed predators and intensity of seed predation on Shorea (Dipterocarpaceae) in two consecutive masting events in Peninsular Malaysia","Hosaka et al. 2011","Hosaka T, Yumoto T, Chen Y-Y, Sun I-F, Wright SJ, Md. Noor NS. Abundance of insect seed predators and intensity of seed predation on Shorea (Dipterocarpaceae) in two consecutive masting events in Peninsular Malaysia. Journal of Tropical Ecology. 2011;27(6):651-655. doi:10.1017/S0266467411000393","https://www.cambridge.org/core/journals/journal-of-tropical-ecology/article/abundance-of-insect-seed-predators-and-intensity-of-seed-predation-on-shorea-dipterocarpaceae-in-two-consecutive-masting-events-in-peninsular-malaysia/A70318BB455A9E73171FE815539DB7D9",NA,"Pasoh Forest Reserve","NA","50","2.982","102.313","Peninsular Malaysia","August",2001,"September",2002,"seed traps","flower","August 2001","November 2001","85.7","35.7",NA,NA,2001-08-01,2001-11-01,"August","September",2001-08-01,2002-09-01
"361","lit review","Population and reproductive phenology of the philippine teak (Tectona philippinensis Benth. & Hook. F.) in Lobo Coast of Verde Island Passage, Batangas, Philippines","Caringal et al. 2015","Caringal, Anacleto M.; Buot, Inocencio E.; and Aragones, Eustaquio G., ""Population and reproductive phenology of the philippine teak (Tectona philippinensis Benth. & Hook. F.) in Lobo Coast of Verde Island Passage, Batangas, Philippines"" (2021). Journal Article. 1795.
https://www.ukdr.uplb.edu.ph/journal-articles/1795","https://www.researchgate.net/publication/292577104_Population_and_Reproductive_Phenology_of_the_Philippine_Teak_Teetona_philippinensis_Benth_Hook_f_in_Lobo_Coast_of_Verde_Island_Passage_Batangas_Philippines",NA,"Lobo","NA","18,886.50","13.6355556","121.2016667","Philippines","June",2008,"September",2008,"NA","flower","June 2008","July 2008",NA,NA,NA,NA,2008-06-01,2008-07-01,"June","September",2008-06-01,2008-09-01
"361","lit review","Population and reproductive phenology of the philippine teak (Tectona philippinensis Benth. & Hook. F.) in Lobo Coast of Verde Island Passage, Batangas, Philippines","Caringal et al. 2015","Caringal, Anacleto M.; Buot, Inocencio E.; and Aragones, Eustaquio G., ""Population and reproductive phenology of the philippine teak (Tectona philippinensis Benth. & Hook. F.) in Lobo Coast of Verde Island Passage, Batangas, Philippines"" (2021). Journal Article. 1795.
https://www.ukdr.uplb.edu.ph/journal-articles/1795","https://www.researchgate.net/publication/292577104_Population_and_Reproductive_Phenology_of_the_Philippine_Teak_Teetona_philippinensis_Benth_Hook_f_in_Lobo_Coast_of_Verde_Island_Passage_Batangas_Philippines",NA,"Lobo","NA","18,886.50","13.6355556","121.2016667","Philippines","June",2008,"September",2008,"NA","fruit","August 2008","September 2008",NA,NA,NA,NA,2008-08-01,2008-09-01,"June","September",2008-06-01,2008-09-01
"378","lit review","Survivorship of Shorea Curtisii seedlings in a hill Dipterocarp forest, peninsular Malaysia","Niiyama et al. 2016","Niiyama, K., Iida, S., Kimura, K., Sato, T., Azizi, R., & Rahman, K. A. (2016). SURVIVORSHIP OF “SHOREA CURTISII” SEEDLINGS IN A HILL DIPTEROCARP FOREST, PENINSULAR MALAYSIA. Journal of Tropical Forest Science, 28, 334–341. http://www.jstor.org/stable/43856542","https://www.jstor.org/stable/43856542?seq=1",NA,"Semangkok Forest Reserve","NA","28","3.6166667","101.733333","Peninsular Malaysia","October",1996,"November",1998,"seed traps","flower","March 1996","June 1996",NA,NA,NA,"about 18% of the large S. curtisii trees flowered",1996-03-01,1996-06-01,"October","November",1996-10-01,1998-11-01
"378","lit review","Survivorship of Shorea Curtisii seedlings in a hill Dipterocarp forest, peninsular Malaysia","Niiyama et al. 2016","Niiyama, K., Iida, S., Kimura, K., Sato, T., Azizi, R., & Rahman, K. A. (2016). SURVIVORSHIP OF “SHOREA CURTISII” SEEDLINGS IN A HILL DIPTEROCARP FOREST, PENINSULAR MALAYSIA. Journal of Tropical Forest Science, 28, 334–341. http://www.jstor.org/stable/43856542","https://www.jstor.org/stable/43856542?seq=1",NA,"Semangkok Forest Reserve","NA","28","3.6166667","101.733333","Peninsular Malaysia","October",1996,"November",1998,"seed traps","flower","March 1998","June 1998",NA,NA,NA,"about 76% of S. curtisii trees flowered",1998-03-01,1998-06-01,"October","November",1996-10-01,1998-11-01
"395","lit review","Assessment of seedling abundance, survival and growth of two dipterocarpspecies in peat swamp forests of Brunei Darussalam","Din et al. 2018","Din, H., Bakiri, N., Sukri, R. & Metali, F. (2018). Assessment of seedling abundance, survival and growth of two dipterocarp species in peat swamp forests of Brunei Darussalam. Biotropia, 25, 148-154.","https://www.researchgate.net/publication/328917473_Assessment_of_seedling_abundance_survival_and_growth_of_two_dipterocarp_species_in_peat_swamp_forests_of_Brunei_Darussalam",NA,"Anduki Forest Reserve","3843","916","4.6275","114.3669833","Brunei","September",2014,"February",2015,"NA","fruit","March 2014","May 2014",NA,NA,NA,NA,2014-03-01,2014-05-01,"September","February",2014-09-01,2015-02-01
"395","lit review","Assessment of seedling abundance, survival and growth of two dipterocarpspecies in peat swamp forests of Brunei Darussalam","Din et al. 2018","Din, H., Bakiri, N., Sukri, R. & Metali, F. (2018). Assessment of seedling abundance, survival and growth of two dipterocarp species in peat swamp forests of Brunei Darussalam. Biotropia, 25, 148-154.","https://www.researchgate.net/publication/328917473_Assessment_of_seedling_abundance_survival_and_growth_of_two_dipterocarp_species_in_peat_swamp_forests_of_Brunei_Darussalam",NA,"Badas","32949","443","4.5692","114.4111333","Brunei","September",2014,"February",2015,"NA","fruit","March 2014","May 2014",NA,NA,NA,NA,2014-03-01,2014-05-01,"September","February",2014-09-01,2015-02-01
"175","lit review","Abrupt increase in phosphorus and potassium fluxes during a masting event in a Bornean tropical forest","Aoyagi et al. 2018","Aoyagi, R., Imai, N., Hidaka, A., Samejima, H. and Kitayama, K. (2018), Abrupt increase in phosphorus and potassium fluxes during a masting event in a Bornean tropical forest. Ecol. Res., 33: 1193-1205. https://doi.org/10.1007/s11284-018-1642-9","https://esj-journals.onlinelibrary.wiley.com/doi/full/10.1007/s11284-018-1642-9",NA,"Deramakot Forest Reserve","NA","2","5.3666667","117.4166667","Sabah","May",2010,"December",2014,"litter traps","flower","April 2010","July 2010",NA,NA,NA,NA,2010-04-01,2010-07-01,"May","December",2010-05-01,2014-12-01
"175","lit review","Abrupt increase in phosphorus and potassium fluxes during a masting event in a Bornean tropical forest","Aoyagi et al. 2018","Aoyagi, R., Imai, N., Hidaka, A., Samejima, H. and Kitayama, K. (2018), Abrupt increase in phosphorus and potassium fluxes during a masting event in a Bornean tropical forest. Ecol. Res., 33: 1193-1205. https://doi.org/10.1007/s11284-018-1642-9","https://esj-journals.onlinelibrary.wiley.com/doi/full/10.1007/s11284-018-1642-9",NA,"Deramakot Forest Reserve","NA","2","5.3666667","117.4166667","Sabah","May",2010,"December",2014,"litter traps","fruit","July 2010","December 2010",NA,NA,NA,NA,2010-07-01,2010-12-01,"May","December",2010-05-01,2014-12-01
"405","lit review","Size-related flowering and fecundity in the tropical canopy tree species, Shorea acuminata (Dipterocarpaceae) during two consecutive general flowerings","Naito et al. 2008","Naito, Y., Kanzaki, M., Numata, S. et al. Size-related flowering and fecundity in the tropical canopy tree species, Shorea acuminata (Dipterocarpaceae) during two consecutive general flowerings. J Plant Res 121, 33–42 (2008). https://doi.org/10.1007/s10265-007-0116-x","https://link.springer.com/article/10.1007/s10265-007-0116-x",NA,"Pasoh Forest Reserve","NA","40","2.982","102.313","Peninsular Malaysia","September",2001,"October",2002,"binoculars","flower/fruiting not differentiated","September 2001","March 2002","24",NA,NA,NA,2001-09-01,2002-03-01,"September","October",2001-09-01,2002-10-01
"405","lit review","Size-related flowering and fecundity in the tropical canopy tree species, Shorea acuminata (Dipterocarpaceae) during two consecutive general flowerings","Naito et al. 2008","Naito, Y., Kanzaki, M., Numata, S. et al. Size-related flowering and fecundity in the tropical canopy tree species, Shorea acuminata (Dipterocarpaceae) during two consecutive general flowerings. J Plant Res 121, 33–42 (2008). https://doi.org/10.1007/s10265-007-0116-x","https://link.springer.com/article/10.1007/s10265-007-0116-x",NA,"Pasoh Forest Reserve","NA","40","2.982","102.313","Peninsular Malaysia","September",2001,"October",2002,"binoculars","flower/fruiting not differentiated","April 2002","October 2002","55",NA,NA,NA,2002-04-01,2002-10-01,"September","October",2001-09-01,2002-10-01
"449","lit review","Frugivory in sun bears (Helarctos malayanus) is linked to El Niño-related fluctuations in fruiting phenology, East Kalimantan, Indonesia","Fredriksson, Wich & Trisno 2006","Frugivory in sun bears (Helarctos malayanus) is linked to El Nino-related fluctuations in fruiting phenology, East Kalimantan, Indonesia

G. M. Fredriksson, S. A. Wich and Trisno

Biological Journal of the Linnean Society 2006 Vol. 89 Issue 3 Pages 489-508

DOI: 10.1111/j.1095-8312.2006.00688.x","https://www.beruangmadu.org/uploads/pdfs/sun_bear_frugivory.pdf",NA,"Sungai Wain Protection Forest","NA","4000","-1.0833333","116.8166667","East Kalimantan","January",1998,"July",2002,"binoculars","fruit","January 1998","February 1998",NA,"15.7% of trees (86 of 549) fruited",NA,NA,1998-01-01,1998-02-01,"January","July",1998-01-01,2002-07-01
"449","lit review","Frugivory in sun bears (Helarctos malayanus) is linked to El Niño-related fluctuations in fruiting phenology, East Kalimantan, Indonesia","Fredriksson, Wich & Trisno 2006","Frugivory in sun bears (Helarctos malayanus) is linked to El Nino-related fluctuations in fruiting phenology, East Kalimantan, Indonesia

G. M. Fredriksson, S. A. Wich and Trisno

Biological Journal of the Linnean Society 2006 Vol. 89 Issue 3 Pages 489-508

DOI: 10.1111/j.1095-8312.2006.00688.x","https://www.beruangmadu.org/uploads/pdfs/sun_bear_frugivory.pdf",NA,"Sungai Wain Protection Forest","NA","4000","-1.0833333","116.8166667","East Kalimantan","January",1998,"July",2002,"binoculars","fruit","November 2001","December 2001",NA,"10.3% of trees (49 of 474) carried fruit",NA,NA,2001-11-01,2001-12-01,"January","July",1998-01-01,2002-07-01
"451","lit review","How does flowering magnitude affect seed survival in Shorea pilosa (Dipterocarpaceae) at the predispersal stage in Malaysia?","Tokumoto et al. 2009","TOKUMOTO, Y., MATSUSHITA, M., TAMAKI, I., SAKAI, S. and NAKAGAWA, M. (2009), How does flowering magnitude affect seed survival in Shorea pilosa (Dipterocarpaceae) at the predispersal stage in Malaysia?. Plant Species Biology, 24: 104-108. https://doi.org/10.1111/j.1442-1984.2009.00243.x","https://esj-journals.onlinelibrary.wiley.com/doi/full/10.1111/j.1442-1984.2009.00243.x","Canopy Biology Plot","Lambir Hills","4056","8","4.2088","114.011985","Sarawak","October",2000,"October",2007,"seed traps","flower","August 2001","October 2001",NA,NA,NA,NA,2001-08-01,2001-10-01,"October","October",2000-10-01,2007-10-01
"451","lit review","How does flowering magnitude affect seed survival in Shorea pilosa (Dipterocarpaceae) at the predispersal stage in Malaysia?","Tokumoto et al. 2009","TOKUMOTO, Y., MATSUSHITA, M., TAMAKI, I., SAKAI, S. and NAKAGAWA, M. (2009), How does flowering magnitude affect seed survival in Shorea pilosa (Dipterocarpaceae) at the predispersal stage in Malaysia?. Plant Species Biology, 24: 104-108. https://doi.org/10.1111/j.1442-1984.2009.00243.x","https://esj-journals.onlinelibrary.wiley.com/doi/full/10.1111/j.1442-1984.2009.00243.x","Canopy Biology Plot","Lambir Hills","4056","8","4.2088","114.011985","Sarawak","October",2000,"October",2007,"seed traps","fruit","March 2002","March 2002",NA,NA,NA,"only peak reported",2002-03-01,2002-03-01,"October","October",2000-10-01,2007-10-01
"451","lit review","How does flowering magnitude affect seed survival in Shorea pilosa (Dipterocarpaceae) at the predispersal stage in Malaysia?","Tokumoto et al. 2009","TOKUMOTO, Y., MATSUSHITA, M., TAMAKI, I., SAKAI, S. and NAKAGAWA, M. (2009), How does flowering magnitude affect seed survival in Shorea pilosa (Dipterocarpaceae) at the predispersal stage in Malaysia?. Plant Species Biology, 24: 104-108. https://doi.org/10.1111/j.1442-1984.2009.00243.x","https://esj-journals.onlinelibrary.wiley.com/doi/full/10.1111/j.1442-1984.2009.00243.x","Canopy Biology Plot","Lambir Hills","4056","8","4.2088","114.011985","Sarawak","October",2000,"October",2007,"seed traps","flower","May 2004","July 2004",NA,NA,NA,NA,2004-05-01,2004-07-01,"October","October",2000-10-01,2007-10-01
"451","lit review","How does flowering magnitude affect seed survival in Shorea pilosa (Dipterocarpaceae) at the predispersal stage in Malaysia?","Tokumoto et al. 2009","TOKUMOTO, Y., MATSUSHITA, M., TAMAKI, I., SAKAI, S. and NAKAGAWA, M. (2009), How does flowering magnitude affect seed survival in Shorea pilosa (Dipterocarpaceae) at the predispersal stage in Malaysia?. Plant Species Biology, 24: 104-108. https://doi.org/10.1111/j.1442-1984.2009.00243.x","https://esj-journals.onlinelibrary.wiley.com/doi/full/10.1111/j.1442-1984.2009.00243.x","Canopy Biology Plot","Lambir Hills","4056","8","4.2088","114.011985","Sarawak","October",2000,"October",2007,"seed traps","fruit","July 2004","July 2004",NA,NA,NA,"only peak reported",2004-07-01,2004-07-01,"October","October",2000-10-01,2007-10-01
"451","lit review","How does flowering magnitude affect seed survival in Shorea pilosa (Dipterocarpaceae) at the predispersal stage in Malaysia?","Tokumoto et al. 2009","TOKUMOTO, Y., MATSUSHITA, M., TAMAKI, I., SAKAI, S. and NAKAGAWA, M. (2009), How does flowering magnitude affect seed survival in Shorea pilosa (Dipterocarpaceae) at the predispersal stage in Malaysia?. Plant Species Biology, 24: 104-108. https://doi.org/10.1111/j.1442-1984.2009.00243.x","https://esj-journals.onlinelibrary.wiley.com/doi/full/10.1111/j.1442-1984.2009.00243.x","Canopy Biology Plot","Lambir Hills","4056","8","4.2088","114.011985","Sarawak","October",2000,"October",2007,"seed traps","flower","April 2005","June 2005",NA,NA,NA,NA,2005-04-01,2005-06-01,"October","October",2000-10-01,2007-10-01
"451","lit review","How does flowering magnitude affect seed survival in Shorea pilosa (Dipterocarpaceae) at the predispersal stage in Malaysia?","Tokumoto et al. 2009","TOKUMOTO, Y., MATSUSHITA, M., TAMAKI, I., SAKAI, S. and NAKAGAWA, M. (2009), How does flowering magnitude affect seed survival in Shorea pilosa (Dipterocarpaceae) at the predispersal stage in Malaysia?. Plant Species Biology, 24: 104-108. https://doi.org/10.1111/j.1442-1984.2009.00243.x","https://esj-journals.onlinelibrary.wiley.com/doi/full/10.1111/j.1442-1984.2009.00243.x","Canopy Biology Plot","Lambir Hills","4056","8","4.2088","114.011985","Sarawak","October",2000,"October",2007,"seed traps","fruit","August 2005","August 2005",NA,NA,NA,"only peak reported",2005-08-01,2005-08-01,"October","October",2000-10-01,2007-10-01
"474","lit review","Gene flow pattern and mating system in a small population of Quercus semiserrata Roxb. (Fagaceae)","Pakkad, Ueno & Yoshimaru 2008","Gene flow pattern and mating system in a small population of Quercus semiserrata Roxb. (Fagaceae)

G. Pakkad, S. Ueno and H. Yoshimaru

Forest Ecology and Management 2008 Vol. 255 Issue 11 Pages 3819-3826

DOI: https://doi.org/10.1016/j.foreco.2008.03.017","https://www.sciencedirect.com/science/article/pii/S0378112708002569",NA,"Khun Wang Royal Agriculture Research Center","NA","NA","18.6172222","98.49713333","Chiang Mai, Thailand","January",2005,"December",2007,NA,"fruit","April 2005","April 2005",NA,NA,NA,NA,2005-04-01,2005-04-01,"January","December",2005-01-01,2007-12-01
"474","lit review","Gene flow pattern and mating system in a small population of Quercus semiserrata Roxb. (Fagaceae)","Pakkad, Ueno & Yoshimaru 2008","Gene flow pattern and mating system in a small population of Quercus semiserrata Roxb. (Fagaceae)

G. Pakkad, S. Ueno and H. Yoshimaru

Forest Ecology and Management 2008 Vol. 255 Issue 11 Pages 3819-3826

DOI: https://doi.org/10.1016/j.foreco.2008.03.017","https://www.sciencedirect.com/science/article/pii/S0378112708002569",NA,"Khun Wang Royal Agriculture Research Center","NA","NA","18.6172222","98.49713333","Chiang Mai, Thailand","January",2005,"December",2007,NA,"fruit","April 2007","April 2007",NA,NA,NA,NA,2007-04-01,2007-04-01,"January","December",2005-01-01,2007-12-01
"489","lit review","Preference in flower visits and partitioning in pollen diets of stingless bees in an Asian tropical rain forest","Nagamitsu et al.1999","Nagamitsu, T., Momose, K., Inoue, T. et al. Preference in flower visits and partitioning in pollen diets of stingless bees in an Asian tropical rain forest. Res Popul Ecol 41, 195–202 (1999). https://doi.org/10.1007/s101440050023","https://link.springer.com/article/10.1007/s101440050023","Canopy biology plot, waterfall trail","Lambir Hills","4056","13","4.2088","114.011985","Sarawak","June",1993,"October",1996,"observed from forest floor","flower","March 1996","December 1996",NA,NA,NA,NA,1996-03-01,1996-12-01,"June","October",1993-06-01,1996-10-01
"491","lit review","Fruiting and seedling survival of dipterocarps in a logged forest","Appanah & Manaf 1994","Appanah, S., & Manaf, Mohd. R. Abd. (1994). FRUITING AND SEEDLING SURVIVAL OF DIPTEROCARPS IN A LOGGED FOREST. Journal of Tropical Forest Science, 6(3), 215–222. http://www.jstor.org/stable/43582431","https://www.jstor.org/stable/43582431?seq=1",NA,"Sungai Tekam Forest Reserve","NA","1000","4.25","102.45","Peninsular Malaysia","June",1987,"October",1987,"ground segment","fruit","June 1987","October 1987",NA,NA,NA,NA,1987-06-01,1987-10-01,"June","October",1987-06-01,1987-10-01
"510","lit review","Phenological changes in a Sumatran rain forest","VanSchaik 1986","Van Schaik, C. P. (1986). Phenological Changes in a Sumatran Rain Forest. Journal of Tropical Ecology, 2(4), 327–347. http://www.jstor.org/stable/2559462","https://www.jstor.org/stable/2559462?seq=1",NA,"Ketambe","NA","200","3.6833333","97.65","Sumatra","December",1979,"February",1983,"binoculars","flower","January 1981","July 1981",NA,NA,NA,NA,1981-01-01,1981-07-01,"December","February",1979-12-01,1983-02-01
"510","lit review","Phenological changes in a Sumatran rain forest","VanSchaik 1986","Van Schaik, C. P. (1986). Phenological Changes in a Sumatran Rain Forest. Journal of Tropical Ecology, 2(4), 327–347. http://www.jstor.org/stable/2559462","https://www.jstor.org/stable/2559462?seq=1",NA,"Ketambe","NA","200","3.6833333","97.65","Sumatra","December",1979,"February",1983,"binoculars","fruit","May 1981","January 1982",NA,NA,NA,NA,1981-05-01,1982-01-01,"December","February",1979-12-01,1983-02-01
"511","lit review","Flora and reproductive phenology of the rain forest at Bukit Timah, Singapore","Corlett 1990","Corlett, Richard T. “Flora and Reproductive Phenology of the Rain Forest at Bukit Timah, Singapore.” Journal of Tropical Ecology, vol. 6, no. 1, 1990, pp. 55–63. JSTOR, http://www.jstor.org/stable/2559368. Accessed 27 July 2026.","https://www.jstor.org/stable/2559368?seq=1",NA,"Bukit Timah","1344","71","1.348947","103.777049","Singapore","July",1986,"November",1987,"ground observation","flower","March 1987","May 1987",NA,NA,NA,NA,1987-03-01,1987-05-01,"July","November",1986-07-01,1987-11-01
"511","lit review","Flora and reproductive phenology of the rain forest at Bukit Timah, Singapore","Corlett 1990","Corlett, Richard T. “Flora and Reproductive Phenology of the Rain Forest at Bukit Timah, Singapore.” Journal of Tropical Ecology, vol. 6, no. 1, 1990, pp. 55–63. JSTOR, http://www.jstor.org/stable/2559368. Accessed 27 July 2026.","https://www.jstor.org/stable/2559368?seq=1",NA,"Bukit Timah","1344","71","1.348947","103.777049","Singapore","July",1986,"November",1987,NA,"fruit","June 1987","August 1987",NA,NA,NA,NA,1987-06-01,1987-08-01,"July","November",1986-07-01,1987-11-01
"567","found as long term dataset ref in Numata 1999","Phenological behavior of some Shorea species in peninsular Malaysia","Yap & Chan 1990","Yap, S.K. & Chan, H.T. (1990) Phenological behavior of some Shorea species in peninsular Malaysia. pp 21-35, in Bawa, K.S. & hadley, M. (eds.) Reproductive ecology of tropical forest plants. UNESCO, Paris.","https://www.google.com.au/books/edition/_/tHFay3R190QC?hl=en&gbpv=1",NA,"Ampang","NA","544.3","3.234552","101.616579","Peninsular Malaysia","January",1973,"December",1983,NA,"flower","February 1976","June 1976","100","83.2",NA,NA,1976-02-01,1976-06-01,"January","December",1973-01-01,1983-12-01
"567","found as long term dataset ref in Numata 1999","Phenological behavior of some Shorea species in peninsular Malaysia","Yap & Chan 1990","Yap, S.K. & Chan, H.T. (1990) Phenological behavior of some Shorea species in peninsular Malaysia. pp 21-35, in Bawa, K.S. & hadley, M. (eds.) Reproductive ecology of tropical forest plants. UNESCO, Paris.","https://www.google.com.au/books/edition/_/tHFay3R190QC?hl=en&gbpv=1",NA,"Ampang","555705716","2033","3.169607","101.807275","Peninsular Malaysia","January",1973,"December",1983,NA,"flower","June 1981","December 1981","93.8","64.2",NA,NA,1981-06-01,1981-12-01,"January","December",1973-01-01,1983-12-01
"567","found as long term dataset ref in Numata 1999","Phenological behavior of some Shorea species in peninsular Malaysia","Yap & Chan 1990","Yap, S.K. & Chan, H.T. (1990) Phenological behavior of some Shorea species in peninsular Malaysia. pp 21-35, in Bawa, K.S. & hadley, M. (eds.) Reproductive ecology of tropical forest plants. UNESCO, Paris.","https://www.google.com.au/books/edition/_/tHFay3R190QC?hl=en&gbpv=1",NA,"Ampang","555705716","2033","3.169607","101.807275","Peninsular Malaysia","January",1973,"December",1983,NA,"flower","May 1983","July 1983","81.3","35.5",NA,NA,1983-05-01,1983-07-01,"January","December",1973-01-01,1983-12-01
"567","found as long term dataset ref in Numata 1999","Phenological behavior of some Shorea species in peninsular Malaysia","Yap & Chan 1990","Yap, S.K. & Chan, H.T. (1990) Phenological behavior of some Shorea species in peninsular Malaysia. pp 21-35, in Bawa, K.S. & hadley, M. (eds.) Reproductive ecology of tropical forest plants. UNESCO, Paris.","https://www.google.com.au/books/edition/_/tHFay3R190QC?hl=en&gbpv=1",NA,"Gombak","555705717","10150","3.299987","101.783337","Peninsular Malaysia","January",1973,"December",1983,NA,"flower","February 1976","June 1976","100","83.2",NA,NA,1976-02-01,1976-06-01,"January","December",1973-01-01,1983-12-01
"567","found as long term dataset ref in Numata 1999","Phenological behavior of some Shorea species in peninsular Malaysia","Yap & Chan 1990","Yap, S.K. & Chan, H.T. (1990) Phenological behavior of some Shorea species in peninsular Malaysia. pp 21-35, in Bawa, K.S. & hadley, M. (eds.) Reproductive ecology of tropical forest plants. UNESCO, Paris.","https://www.google.com.au/books/edition/_/tHFay3R190QC?hl=en&gbpv=1",NA,"Gombak","555705717","10150","3.299987","101.783337","Peninsular Malaysia","January",1973,"December",1983,NA,"flower","June 1981","November 1981","93.8","64.2",NA,NA,1981-06-01,1981-11-01,"January","December",1973-01-01,1983-12-01
"567","found as long term dataset ref in Numata 1999","Phenological behavior of some Shorea species in peninsular Malaysia","Yap & Chan 1990","Yap, S.K. & Chan, H.T. (1990) Phenological behavior of some Shorea species in peninsular Malaysia. pp 21-35, in Bawa, K.S. & hadley, M. (eds.) Reproductive ecology of tropical forest plants. UNESCO, Paris.","https://www.google.com.au/books/edition/_/tHFay3R190QC?hl=en&gbpv=1",NA,"Gombak","555705717","10150","3.299987","101.783337","Peninsular Malaysia","January",1973,"December",1983,NA,"flower","March 1983","August 1983","81.3","35.5",NA,NA,1983-03-01,1983-08-01,"January","December",1973-01-01,1983-12-01
"567","found as long term dataset ref in Numata 1999","Phenological behavior of some Shorea species in peninsular Malaysia","Yap & Chan 1990","Yap, S.K. & Chan, H.T. (1990) Phenological behavior of some Shorea species in peninsular Malaysia. pp 21-35, in Bawa, K.S. & hadley, M. (eds.) Reproductive ecology of tropical forest plants. UNESCO, Paris.","https://www.google.com.au/books/edition/_/tHFay3R190QC?hl=en&gbpv=1",NA,"Kepong","NA","544.3","3.234552","101.616579","Peninsular Malaysia","January",1973,"December",1983,NA,"flower","February 1976","June 1976","100","83.2",NA,NA,1976-02-01,1976-06-01,"January","December",1973-01-01,1983-12-01
"567","found as long term dataset ref in Numata 1999","Phenological behavior of some Shorea species in peninsular Malaysia","Yap & Chan 1990","Yap, S.K. & Chan, H.T. (1990) Phenological behavior of some Shorea species in peninsular Malaysia. pp 21-35, in Bawa, K.S. & hadley, M. (eds.) Reproductive ecology of tropical forest plants. UNESCO, Paris.","https://www.google.com.au/books/edition/_/tHFay3R190QC?hl=en&gbpv=1",NA,"Kepong","NA","544.3","3.234552","101.616579","Peninsular Malaysia","January",1973,"December",1983,NA,"flower","May 1981","January 1982","93.8","64.2",NA,NA,1981-05-01,1982-01-01,"January","December",1973-01-01,1983-12-01
"567","found as long term dataset ref in Numata 1999","Phenological behavior of some Shorea species in peninsular Malaysia","Yap & Chan 1990","Yap, S.K. & Chan, H.T. (1990) Phenological behavior of some Shorea species in peninsular Malaysia. pp 21-35, in Bawa, K.S. & hadley, M. (eds.) Reproductive ecology of tropical forest plants. UNESCO, Paris.","https://www.google.com.au/books/edition/_/tHFay3R190QC?hl=en&gbpv=1",NA,"Kepong","NA","544.3","3.234552","101.616579","Peninsular Malaysia","January",1973,"December",1983,NA,"flower","February 1983","July 1983","81.3","35.5",NA,NA,1983-02-01,1983-07-01,"January","December",1973-01-01,1983-12-01
"567","found as long term dataset ref in Numata 1999","Phenological behavior of some Shorea species in peninsular Malaysia","Yap & Chan 1990","Yap, S.K. & Chan, H.T. (1990) Phenological behavior of some Shorea species in peninsular Malaysia. pp 21-35, in Bawa, K.S. & hadley, M. (eds.) Reproductive ecology of tropical forest plants. UNESCO, Paris.","https://www.google.com.au/books/edition/_/tHFay3R190QC?hl=en&gbpv=1",NA,"Pasoh Forest Reserve","NA","50","2.982","102.313","Peninsular Malaysia","January",1973,"December",1983,NA,"flower","February 1976","June 1976","100","83.2",NA,NA,1976-02-01,1976-06-01,"January","December",1973-01-01,1983-12-01
"567","found as long term dataset ref in Numata 1999","Phenological behavior of some Shorea species in peninsular Malaysia","Yap & Chan 1990","Yap, S.K. & Chan, H.T. (1990) Phenological behavior of some Shorea species in peninsular Malaysia. pp 21-35, in Bawa, K.S. & hadley, M. (eds.) Reproductive ecology of tropical forest plants. UNESCO, Paris.","https://www.google.com.au/books/edition/_/tHFay3R190QC?hl=en&gbpv=1",NA,"Pasoh Forest Reserve","NA","50","2.982","102.313","Peninsular Malaysia","January",1973,"December",1983,NA,"flower","October 1981","December 1981","93.8","64.2",NA,NA,1981-10-01,1981-12-01,"January","December",1973-01-01,1983-12-01
"567","found as long term dataset ref in Numata 1999","Phenological behavior of some Shorea species in peninsular Malaysia","Yap & Chan 1990","Yap, S.K. & Chan, H.T. (1990) Phenological behavior of some Shorea species in peninsular Malaysia. pp 21-35, in Bawa, K.S. & hadley, M. (eds.) Reproductive ecology of tropical forest plants. UNESCO, Paris.","https://www.google.com.au/books/edition/_/tHFay3R190QC?hl=en&gbpv=1",NA,"Pasoh Forest Reserve","NA","50","2.982","102.313","Peninsular Malaysia","January",1973,"December",1983,NA,"flower","March 1983","August 1983","81.3","35.5",NA,NA,1983-03-01,1983-08-01,"January","December",1973-01-01,1983-12-01
